{
    "name": "root",
    "gauges": {
        "MyBehavior.Policy.Entropy.mean": {
            "value": 2.561587333679199,
            "min": 2.561587333679199,
            "max": 3.4451141357421875,
            "count": 9
        },
        "MyBehavior.Policy.Entropy.sum": {
            "value": 26333.1171875,
            "min": 21771.21484375,
            "max": 35415.7734375,
            "count": 9
        },
        "MyBehavior.Step.mean": {
            "value": 88408.0,
            "min": 8224.0,
            "max": 88408.0,
            "count": 9
        },
        "MyBehavior.Step.sum": {
            "value": 88408.0,
            "min": 8224.0,
            "max": 88408.0,
            "count": 9
        },
        "MyBehavior.Policy.GailValueEstimate.mean": {
            "value": 51.06336212158203,
            "min": 32.38606262207031,
            "max": 51.06336212158203,
            "count": 9
        },
        "MyBehavior.Policy.GailValueEstimate.sum": {
            "value": 255.31680297851562,
            "min": 129.54425048828125,
            "max": 255.31680297851562,
            "count": 9
        },
        "MyBehavior.Losses.PolicyLoss.mean": {
            "value": 0.04948131575947627,
            "min": 0.04231324308213213,
            "max": 0.05273270643131885,
            "count": 9
        },
        "MyBehavior.Losses.PolicyLoss.sum": {
            "value": 0.24740657879738137,
            "min": 0.1795654235538677,
            "max": 0.25055986183967127,
            "count": 9
        },
        "MyBehavior.Losses.ValueLoss.mean": {
            "value": 89.27492920557657,
            "min": 33.233392437299095,
            "max": 1480.538696606954,
            "count": 9
        },
        "MyBehavior.Losses.ValueLoss.sum": {
            "value": 446.3746460278829,
            "min": 166.16696218649548,
            "max": 5922.154786427816,
            "count": 9
        },
        "MyBehavior.Policy.LearningRate.mean": {
            "value": 0.0002494224168592,
            "min": 0.0002494224168592,
            "max": 0.00029691600102799994,
            "count": 9
        },
        "MyBehavior.Policy.LearningRate.sum": {
            "value": 0.001247112084296,
            "min": 0.0010198944600352,
            "max": 0.0014568240143919995,
            "count": 9
        },
        "MyBehavior.Policy.Epsilon.mean": {
            "value": 0.18314080000000002,
            "min": 0.18314080000000002,
            "max": 0.198972,
            "count": 9
        },
        "MyBehavior.Policy.Epsilon.sum": {
            "value": 0.9157040000000001,
            "min": 0.7399648000000001,
            "max": 0.985608,
            "count": 9
        },
        "MyBehavior.Policy.Beta.mean": {
            "value": 0.0005,
            "min": 0.0005,
            "max": 0.0005,
            "count": 9
        },
        "MyBehavior.Policy.Beta.sum": {
            "value": 0.0025,
            "min": 0.002,
            "max": 0.0025,
            "count": 9
        },
        "MyBehavior.Policy.GAILPolicyEstimate.mean": {
            "value": 0.33957678464551766,
            "min": 0.2537007125715415,
            "max": 0.347335669832925,
            "count": 9
        },
        "MyBehavior.Policy.GAILPolicyEstimate.sum": {
            "value": 1.6978839232275884,
            "min": 1.2685035628577073,
            "max": 1.6978839232275884,
            "count": 9
        },
        "MyBehavior.Policy.GAILExpertEstimate.mean": {
            "value": 0.6645842102666696,
            "min": 0.6529565714299678,
            "max": 0.7216504375139872,
            "count": 9
        },
        "MyBehavior.Policy.GAILExpertEstimate.sum": {
            "value": 3.322921051333348,
            "min": 2.611826285719871,
            "max": 3.608252187569936,
            "count": 9
        },
        "MyBehavior.Losses.GAILLoss.mean": {
            "value": 0.8905792127052943,
            "min": 0.6748103231191636,
            "max": 1.0396974813193083,
            "count": 9
        },
        "MyBehavior.Losses.GAILLoss.sum": {
            "value": 4.452896063526471,
            "min": 3.3740516155958176,
            "max": 4.452896063526471,
            "count": 9
        },
        "MyBehavior.Policy.GAILGradMagLoss.mean": {
            "value": 0.12683649336298305,
            "min": 0.1057974035696437,
            "max": 2.9513274150279662,
            "count": 9
        },
        "MyBehavior.Policy.GAILGradMagLoss.sum": {
            "value": 0.6341824668149153,
            "min": 0.4231896142785748,
            "max": 11.805309660111865,
            "count": 9
        },
        "MyBehavior.IsTraining.mean": {
            "value": 1.0,
            "min": 1.0,
            "max": 1.0,
            "count": 9
        },
        "MyBehavior.IsTraining.sum": {
            "value": 1.0,
            "min": 1.0,
            "max": 1.0,
            "count": 9
        }
    },
    "metadata": {
        "timer_format_version": "0.1.0",
        "start_time_seconds": "1732560273",
        "python_version": "3.9.13 (tags/v3.9.13:6de2ca5, May 17 2022, 16:36:42) [MSC v.1929 64 bit (AMD64)]",
        "command_line_arguments": "G:\\final arshad git\\final_arshad_game_git\\venv\\Scripts\\mlagents-learn Config\\Model_config.yaml --run-id=test34 --time-scale 1",
        "mlagents_version": "0.30.0",
        "mlagents_envs_version": "0.30.0",
        "communication_protocol_version": "1.5.0",
        "pytorch_version": "2.5.1+cpu",
        "numpy_version": "1.21.2",
        "end_time_seconds": "1732561208"
    },
    "total": 935.5404774,
    "count": 1,
    "self": 10.004756899999961,
    "children": {
        "run_training.setup": {
            "total": 0.12775109999999978,
            "count": 1,
            "self": 0.12775109999999978
        },
        "TrainerController.start_learning": {
            "total": 925.4079694000001,
            "count": 1,
            "self": 2.0882123999909936,
            "children": {
                "TrainerController._reset_env": {
                    "total": 43.319954300000006,
                    "count": 1,
                    "self": 39.05151610000001,
                    "children": {
                        "demo_to_buffer": {
                            "total": 4.2684381999999985,
                            "count": 1,
                            "self": 0.0002020999999992057,
                            "children": {
                                "load_demonstration": {
                                    "total": 0.15378079999999983,
                                    "count": 1,
                                    "self": 0.05561429999999845,
                                    "children": {
                                        "read_file": {
                                            "total": 0.09816650000000138,
                                            "count": 1,
                                            "self": 0.09816650000000138
                                        }
                                    }
                                },
                                "make_demo_buffer": {
                                    "total": 4.1144552999999995,
                                    "count": 1,
                                    "self": 0.7681842999998594,
                                    "children": {
                                        "steps_from_proto": {
                                            "total": 3.34627100000014,
                                            "count": 27920,
                                            "self": 2.3925368000005562,
                                            "children": {
                                                "_process_rank_one_or_two_observation": {
                                                    "total": 0.9537341999995839,
                                                    "count": 55840,