{
    "name": "root",
    "gauges": {
        "MyBehavior.Policy.Entropy.mean": {
            "value": 1.5232878923416138,
            "min": 1.5144262313842773,
            "max": 2.9094016551971436,
            "count": 10
        },
        "MyBehavior.Policy.Entropy.sum": {
            "value": 26362.01953125,
            "min": 17288.689453125,
            "max": 52145.20703125,
            "count": 10
        },
        "MyBehavior.Step.mean": {
            "value": 98746.0,
            "min": 8718.0,
            "max": 98746.0,
            "count": 10
        },
        "MyBehavior.Step.sum": {
            "value": 98746.0,
            "min": 8718.0,
            "max": 98746.0,
            "count": 10
        },
        "MyBehavior.Policy.GailValueEstimate.mean": {
            "value": 34.6384391784668,
            "min": 22.535911560058594,
            "max": 61.26709747314453,
            "count": 10
        },
        "MyBehavior.Policy.GailValueEstimate.sum": {
            "value": 242.4690704345703,
            "min": 112.67955780029297,
            "max": 364.202392578125,
            "count": 10
        },
        "MyBehavior.Losses.PolicyLoss.mean": {
            "value": 0.047947276529545585,
            "min": 0.04120684205994217,
            "max": 0.051706872143161796,
            "count": 10
        },
        "MyBehavior.Losses.PolicyLoss.sum": {
            "value": 0.23973638264772792,
            "min": 0.18318176172518483,
            "max": 0.31024123285897076,
            "count": 10
        },
        "MyBehavior.Losses.ValueLoss.mean": {
            "value": 51.48334670755598,
            "min": 11.930871978998184,
            "max": 2196.5270382519125,
            "count": 10
        },
        "MyBehavior.Losses.ValueLoss.sum": {
            "value": 257.4167335377799,
            "min": 59.65435989499092,
            "max": 8786.10815300765,
            "count": 10
        },
        "MyBehavior.Policy.LearningRate.mean": {
            "value": 0.00024296545901152,
            "min": 0.00024296545901152,
            "max": 0.00029684190105269995,
            "count": 10
        },
        "MyBehavior.Policy.LearningRate.sum": {
            "value": 0.0012148272950576,
            "min": 0.0011873676042107998,
            "max": 0.001495026101658,
            "count": 10
        },
        "MyBehavior.Policy.Epsilon.mean": {
            "value": 0.18098848,
            "min": 0.18098848,
            "max": 0.1989473,
            "count": 10
        },
        "MyBehavior.Policy.Epsilon.sum": {
            "value": 0.9049424,
            "min": 0.7957892,
            "max": 1.0983420000000002,
            "count": 10
        },
        "MyBehavior.Policy.Beta.mean": {
            "value": 0.0005,
            "min": 0.0005,
            "max": 0.0005,
            "count": 10
        },
        "MyBehavior.Policy.Beta.sum": {
            "value": 0.0025,
            "min": 0.002,
            "max": 0.003,
            "count": 10
        },
        "MyBehavior.Policy.GAILPolicyEstimate.mean": {
            "value": 0.28787854072948293,
            "min": 0.20702079601585863,
            "max": 0.30957739281275914,
            "count": 10
        },
        "MyBehavior.Policy.GAILPolicyEstimate.sum": {
            "value": 1.4393927036474148,
            "min": 1.0351039800792932,
            "max": 1.8205131875971952,
            "count": 10
        },
        "MyBehavior.Policy.GAILExpertEstimate.mean": {
            "value": 0.768390347427792,
            "min": 0.656484727954699,
            "max": 0.782289316256841,
            "count": 10
        },
        "MyBehavior.Policy.GAILExpertEstimate.sum": {
            "value": 3.84195173713896,
            "min": 2.625938911818796,
            "max": 4.541175266106923,
            "count": 10
        },
        "MyBehavior.Losses.GAILLoss.mean": {
            "value": 0.6350616100430487,
            "min": 0.5098815460999806,
            "max": 1.0187857482858278,
            "count": 10
        },
        "MyBehavior.Losses.GAILLoss.sum": {
            "value": 3.1753080502152438,
            "min": 2.549407730499903,
            "max": 4.075142993143311,
            "count": 10
        },
        "MyBehavior.Policy.GAILGradMagLoss.mean": {
            "value": 0.1701080265765389,
            "min": 0.14513847573349872,
            "max": 7.788359899211812,
            "count": 10
        },
        "MyBehavior.Policy.GAILGradMagLoss.sum": {
            "value": 0.8505401328826945,
            "min": 0.7981917411088945,
            "max": 31.15343959684725,
            "count": 10
        },
        "MyBehavior.Environment.EpisodeLength.mean": {
            "value": 754.6666666666666,
            "min": 65.0,
            "max": 7599.0,
            "count": 9
        },
        "MyBehavior.Environment.EpisodeLength.sum": {
            "value": 2264.0,
            "min": 65.0,
            "max": 9509.0,
            "count": 9
        },
        "MyBehavior.Environment.CumulativeReward.mean": {
            "value": 0.0,
            "min": 0.0,
            "max": 0.0,
            "count": 8
        },
        "MyBehavior.Environment.CumulativeReward.sum": {
            "value": 0.0,
            "min": 0.0,
            "max": 0.0,
            "count": 8
        },
        "MyBehavior.Policy.GailReward.mean": {
            "value": 315.08638048171997,
            "min": 91.26898082097371,
            "max": 1448.4022216796875,
            "count": 8
        },
        "MyBehavior.Policy.GailReward.sum": {
            "value": 1260.3455219268799,
            "min": 547.6138849258423,
            "max": 3654.2840814590454,
            "count": 8
        },
        "MyBehavior.IsTraining.mean": {
            "value": 1.0,
            "min": 1.0,
            "max": 1.0,
            "count": 10
        },
        "MyBehavior.IsTraining.sum": {
            "value": 1.0,
            "min": 1.0,
            "max": 1.0,
            "count": 10
        }
    },
    "metadata": {
        "timer_format_version": "0.1.0",
        "start_time_seconds": "1731417083",
        "python_version": "3.9.13 (tags/v3.9.13:6de2ca5, May 17 2022, 16:36:42) [MSC v.1929 64 bit (AMD64)]",
        "command_line_arguments": "E:\\Arian's File\\Unity\\final_arshad_game_git\\venv\\Scripts\\mlagents-learn Config\\Model_config.yaml --run-id=record-14",
        "mlagents_version": "0.30.0",
        "mlagents_envs_version": "0.30.0",
        "communication_protocol_version": "1.5.0",
        "pytorch_version": "2.5.1+cpu",
        "numpy_version": "1.21.2",
        "end_time_seconds": "1731417562"
    },
    "total": 478.4568413,
    "count": 1,
    "self": 0.003815800000040781,
    "children": {
        "run_training.setup": {
            "total": 0.055798500000000084,
            "count": 1,
            "self": 0.055798500000000084
        },
        "TrainerController.start_learning": {
            "total": 478.397227,
            "count": 1,
            "self": 1.4916001000107144,
            "children": {
                "TrainerController._reset_env": {
                    "total": 5.90628,
                    "count": 1,
                    "self": 5.658235599999999,
                    "children": {
                        "demo_to_buffer": {
                            "total": 0.2480444000000004,
                            "count": 1,
                            "self": 4.120000000096269e-05,
                            "children": {
                                "load_demonstration": {
                                    "total": 0.0035860999999997034,
                                    "count": 1,
                                    "self": 0.0034935999999996525,
                                    "children": {
                                        "read_file": {
                                            "total": 9.250000000005087e-05,
                                            "count": 1,