{
    "name": "root",
    "gauges": {
        "MyBehavior.Policy.Entropy.mean": {
            "value": 3.0198659896850586,
            "min": 3.0198659896850586,
            "max": 3.0198659896850586,
            "count": 1
        },
        "MyBehavior.Policy.Entropy.sum": {
            "value": 38222.4453125,
            "min": 38222.4453125,
            "max": 38222.4453125,
            "count": 1
        },
        "MyBehavior.Environment.EpisodeLength.mean": {
            "value": 424.1666666666667,
            "min": 424.1666666666667,
            "max": 424.1666666666667,
            "count": 1
        },
        "MyBehavior.Environment.EpisodeLength.sum": {
            "value": 2545.0,
            "min": 2545.0,
            "max": 2545.0,
            "count": 1
        },
        "MyBehavior.Step.mean": {
            "value": 8719.0,
            "min": 8719.0,
            "max": 8719.0,
            "count": 1
        },
        "MyBehavior.Step.sum": {
            "value": 8719.0,
            "min": 8719.0,
            "max": 8719.0,
            "count": 1
        },
        "MyBehavior.Policy.ExtrinsicValueEstimate.mean": {
            "value": -0.07857798784971237,
            "min": -0.07857798784971237,
            "max": -0.07857798784971237,
            "count": 1
        },
        "MyBehavior.Policy.ExtrinsicValueEstimate.sum": {
            "value": -0.7072018980979919,
            "min": -0.7072018980979919,
            "max": -0.7072018980979919,
            "count": 1
        },
        "MyBehavior.Policy.GailValueEstimate.mean": {
            "value": 15.469828605651855,
            "min": 15.469828605651855,
            "max": 15.469828605651855,
            "count": 1
        },
        "MyBehavior.Policy.GailValueEstimate.sum": {
            "value": 139.22845458984375,
            "min": 139.22845458984375,
            "max": 139.22845458984375,
            "count": 1
        },
        "MyBehavior.Environment.CumulativeReward.mean": {
            "value": 0.0,
            "min": 0.0,
            "max": 0.0,
            "count": 1
        },
        "MyBehavior.Environment.CumulativeReward.sum": {
            "value": 0.0,
            "min": 0.0,
            "max": 0.0,
            "count": 1
        },
        "MyBehavior.Policy.ExtrinsicReward.mean": {
            "value": 0.0,
            "min": 0.0,
            "max": 0.0,
            "count": 1
        },
        "MyBehavior.Policy.ExtrinsicReward.sum": {
            "value": 0.0,
            "min": 0.0,
            "max": 0.0,
            "count": 1
        },
        "MyBehavior.Policy.GailReward.mean": {
            "value": 178.74947754542032,
            "min": 178.74947754542032,
            "max": 178.74947754542032,
            "count": 1
        },
        "MyBehavior.Policy.GailReward.sum": {
            "value": 1072.496865272522,
            "min": 1072.496865272522,
            "max": 1072.496865272522,
            "count": 1
        },
        "MyBehavior.Losses.PolicyLoss.mean": {
            "value": 0.045049584021196805,
            "min": 0.045049584021196805,
            "max": 0.045049584021196805,
            "count": 1
        },
        "MyBehavior.Losses.PolicyLoss.sum": {
            "value": 0.18019833608478722,
            "min": 0.18019833608478722,
            "max": 0.18019833608478722,
            "count": 1
        },
        "MyBehavior.Losses.ValueLoss.mean": {
            "value": 62.432260794496095,
            "min": 62.432260794496095,
            "max": 62.432260794496095,
            "count": 1
        },
        "MyBehavior.Losses.ValueLoss.sum": {
            "value": 249.72904317798438,
            "min": 249.72904317798438,
            "max": 249.72904317798438,
            "count": 1
        },
        "MyBehavior.Policy.LearningRate.mean": {
            "value": 0.0002968341010553,
            "min": 0.0002968341010553,
            "max": 0.0002968341010553,
            "count": 1
        },
        "MyBehavior.Policy.LearningRate.sum": {
            "value": 0.0011873364042212,
            "min": 0.0011873364042212,
            "max": 0.0011873364042212,
            "count": 1
        },
        "MyBehavior.Policy.Epsilon.mean": {
            "value": 0.19894470000000003,
            "min": 0.19894470000000003,
            "max": 0.19894470000000003,
            "count": 1
        },
        "MyBehavior.Policy.Epsilon.sum": {
            "value": 0.7957788000000001,
            "min": 0.7957788000000001,
            "max": 0.7957788000000001,
            "count": 1
        },
        "MyBehavior.Policy.Beta.mean": {
            "value": 0.0005,
            "min": 0.0005,
            "max": 0.0005,
            "count": 1
        },
        "MyBehavior.Policy.Beta.sum": {
            "value": 0.002,
            "min": 0.002,
            "max": 0.002,
            "count": 1
        },
        "MyBehavior.Policy.GAILPolicyEstimate.mean": {
            "value": 0.20604665103989342,
            "min": 0.20604665103989342,
            "max": 0.20604665103989342,
            "count": 1
        },
        "MyBehavior.Policy.GAILPolicyEstimate.sum": {
            "value": 0.8241866041595737,
            "min": 0.8241866041595737,
            "max": 0.8241866041595737,
            "count": 1
        },
        "MyBehavior.Policy.GAILExpertEstimate.mean": {
            "value": 0.7936854328684232,
            "min": 0.7936854328684232,
            "max": 0.7936854328684232,
            "count": 1
        },
        "MyBehavior.Policy.GAILExpertEstimate.sum": {
            "value": 3.1747417314736928,
            "min": 3.1747417314736928,
            "max": 3.1747417314736928,
            "count": 1
        },
        "MyBehavior.Losses.GAILLoss.mean": {
            "value": 0.5247353166514248,
            "min": 0.5247353166514248,
            "max": 0.5247353166514248,
            "count": 1
        },
        "MyBehavior.Losses.GAILLoss.sum": {
            "value": 2.0989412666056992,
            "min": 2.0989412666056992,
            "max": 2.0989412666056992,
            "count": 1
        },
        "MyBehavior.Policy.GAILGradMagLoss.mean": {
            "value": 7.254161386026276,
            "min": 7.254161386026276,
            "max": 7.254161386026276,
            "count": 1
        },
        "MyBehavior.Policy.GAILGradMagLoss.sum": {
            "value": 29.016645544105103,
            "min": 29.016645544105103,
            "max": 29.016645544105103,
            "count": 1
        },
        "MyBehavior.IsTraining.mean": {
            "value": 1.0,
            "min": 1.0,
            "max": 1.0,
            "count": 1
        },
        "MyBehavior.IsTraining.sum": {
            "value": 1.0,
            "min": 1.0,
            "max": 1.0,
            "count": 1
        }
    },
    "metadata": {
        "timer_format_version": "0.1.0",
        "start_time_seconds": "1731416434",
        "python_version": "3.9.13 (tags/v3.9.13:6de2ca5, May 17 2022, 16:36:42) [MSC v.1929 64 bit (AMD64)]",
        "command_line_arguments": "E:\\Arian's File\\Unity\\final_arshad_game_git\\venv\\Scripts\\mlagents-learn Config\\Model_config.yaml --run-id=record-12",
        "mlagents_version": "0.30.0",
        "mlagents_envs_version": "0.30.0",
        "communication_protocol_version": "1.5.0",
        "pytorch_version": "2.5.1+cpu",
        "numpy_version": "1.21.2",
        "end_time_seconds": "1731416503"
    },
    "total": 68.8621599,
    "count": 1,
    "self": 0.003130799999993883,
    "children": {
        "run_training.setup": {
            "total": 0.0552509000000001,
            "count": 1,
            "self": 0.0552509000000001
        },
        "TrainerController.start_learning": {
            "total": 68.8037782,
            "count": 1,
            "self": 0.15159480000016856,
            "children": {
                "TrainerController._reset_env": {
                    "total": 13.4165342,
                    "count": 1,