{"count":1,"self":10.405747199999999,"total":11.6071558,"children":{"InitializeActuators":{"count":11,"self":0.0039889,"total":0.0039889,"children":null},"InitializeSensors":{"count":11,"self":0.0021192999999999997,"total":0.0021192999999999997,"children":null},"AgentSendState":{"count":257,"self":0.0039981999999999995,"total":0.3407655,"children":{"CollectObservations":{"count":2827,"self":0.029500699999999998,"total":0.029500699999999998,"children":null},"WriteActionMask":{"count":2827,"self":0.00060149999999999993,"total":0.00060149999999999993,"children":null},"RequestDecision":{"count":2827,"self":0.30666509999999997,"total":0.30666509999999997,"children":null}}},"DecideAction":{"count":257,"self":0.84177689999999994,"total":0.84177689999999994,"children":null},"AgentAct":{"count":257,"self":0.011760699999999999,"total":0.011760699999999999,"children":null}},"gauges":{},"metadata":{"timer_format_version":"0.1.0","start_time_seconds":"1736276323","unity_version":"2022.3.20f1","command_line_arguments":"G:\\Unity\\2022.3.20f1\\Editor\\Unity.exe -projectpath G:\\final arshad git\\final_arshad_game_git -useHub -hubIPC -cloudEnvironment production -licensingIpc LicenseClient-navid -hubSessionId 55db951d-a2b0-4f2f-ad1e-8bcd6b8e1283 -accessToken nr_seaPXRHY49mrcNC4aqzu8fB97Hrfy0c-hVdS0Pf8005f","communication_protocol_version":"1.5.0","com.unity.ml-agents_version":"2.0.1","scene_name":"Boss_Room","end_time_seconds":"1736276334"}}