{"count":1,"self":66.911583999999991,"total":756.2375943,"children":{"InitializeActuators":{"count":1,"self":0.0017167999999999999,"total":0.0017167999999999999,"children":null},"InitializeSensors":{"count":1,"self":0.0015536999999999999,"total":0.0015536999999999999,"children":null},"AgentSendState":{"count":121334,"self":0.6871754,"total":4.481824,"children":{"CollectObservations":{"count":121334,"self":1.3273933999999998,"total":1.3273933999999998,"children":null},"WriteActionMask":{"count":121334,"self":0.1235978,"total":0.1235978,"children":null},"RequestDecision":{"count":121334,"self":0.5446849,"total":2.3436574,"children":{"AgentInfo.ToProto":{"count":121334,"self":0.5527033,"total":1.7989724999999999,"children":{"GenerateSensorData":{"count":121334,"self":1.2462692,"total":1.2462692,"children":null}}}}}}},"DecideAction":{"count":121334,"self":683.34976,"total":683.3497433,"children":null},"AgentAct":{"count":121334,"self":1.4906378999999998,"total":1.4906378999999998,"children":null}},"gauges":{},"metadata":{"timer_format_version":"0.1.0","start_time_seconds":"1732375151","unity_version":"2022.3.20f1","command_line_arguments":"D:\\Program Files\\2022.3.20f1\\Editor\\Unity.exe -projectpath E:\\Imitation-learning-new\\final_arshad_game_git -useHub -hubIPC -cloudEnvironment production -licensingIpc LicenseClient-user -hubSessionId 3b52a781-db3f-46c7-a73e-d178df4f7622 -accessToken b72kKQe92tlcRrhfWXUelXiPeerWqI-H-eCvrkkS_GA008f","communication_protocol_version":"1.5.0","com.unity.ml-agents_version":"2.0.1","scene_name":"Boss_Room","end_time_seconds":"1732375907"}}