{
    "name": "root",
    "metadata": {
        "timer_format_version": "0.1.0",
        "start_time_seconds": "1730130764",
        "python_version": "3.9.13 (tags/v3.9.13:6de2ca5, May 17 2022, 16:36:42) [MSC v.1929 64 bit (AMD64)]",
        "command_line_arguments": "E:\\Unity\\Navid-Unity\\ML-Agents\\venv\\Scripts\\mlagents-learn Config\\Model_config.yaml --run-id=record-1",
        "mlagents_version": "0.30.0",
        "mlagents_envs_version": "0.30.0",
        "communication_protocol_version": "1.5.0",
        "pytorch_version": "2.4.1+cpu",
        "numpy_version": "1.21.2",
        "end_time_seconds": "1730130865"
    },
    "total": 100.32448869999999,
    "count": 1,
    "self": 0.04656219999999678,
    "children": {
        "run_training.setup": {
            "total": 0.42368079999999964,
            "count": 1,
            "self": 0.42368079999999964
        },
        "TrainerController.start_learning": {
            "total": 99.85424569999999,
            "count": 1,
            "self": 0.0033378000000254815,
            "children": {
                "TrainerController._reset_env": {
                    "total": 62.39898790000001,
                    "count": 1,
                    "self": 62.28152100000001,
                    "children": {
                        "demo_to_buffer": {
                            "total": 0.1174668999999966,
                            "count": 2,
                            "self": 6.249999998431122e-05,
                            "children": {
                                "load_demonstration": {
                                    "total": 0.03637290000000348,
                                    "count": 2,
                                    "self": 0.0017196999999953277,
                                    "children": {
                                        "read_file": {
                                            "total": 0.034653200000008155,
                                            "count": 2,
                                            "self": 0.034653200000008155
                                        }
                                    }
                                },
                                "make_demo_buffer": {
                                    "total": 0.0810315000000088,
                                    "count": 2,
                                    "self": 0.05015940000011199,
                                    "children": {
                                        "steps_from_proto": {
                                            "total": 0.030872099999896818,
                                            "count": 284,
                                            "self": 0.021656300000032047,
                                            "children": {
                                                "_process_rank_one_or_two_observation": {
                                                    "total": 0.009215799999864771,
                                                    "count": 568,
                                                    "self": 0.009215799999864771
                                                }
                                            }
                                        }
                                    }
                                }
                            }
                        }
                    }
                },
                "TrainerController.advance": {
                    "total": 35.56718619999998,
                    "count": 167,
                    "self": 0.0024032999999121785,
                    "children": {
                        "env_step": {
                            "total": 35.56134020000009,
                            "count": 167,
                            "self": 31.803715200000113,
                            "children": {
                                "SubprocessEnvManager._take_step": {
                                    "total": 3.7559203000000423,
                                    "count": 167,
                                    "self": 0.010635699999923531,
                                    "children": {
                                        "TorchPolicy.evaluate": {
                                            "total": 3.7452846000001188,
                                            "count": 167,
                                            "self": 3.7452846000001188
                                        }
                                    }
                                },
                                "workers": {
                                    "total": 0.0017046999999337231,
                                    "count": 166,
                                    "self": 0.0,
                                    "children": {
                                        "worker_root": {
                                            "total": 22.19502750000008,
                                            "count": 166,
                                            "is_parallel": true,
                                            "self": 20.681784800000244,
                                            "children": {
                                                "steps_from_proto": {
                                                    "total": 0.045136499999998136,
                                                    "count": 1,
                                                    "is_parallel": true,
                                                    "self": 0.001988699999998289,
                                                    "children": {
                                                        "_process_rank_one_or_two_observation": {
                                                            "total": 0.04314779999999985,
                                                            "count": 2,
                                                            "is_parallel": true,
                                                            "self": 0.04314779999999985
                                                        }
                                                    }
                                                },
                                                "UnityEnvironment.step": {
                                                    "total": 1.4681061999998377,
                                                    "count": 166,
                                                    "is_parallel": true,
                                                    "self": 0.016118000000048482,
                                                    "children": {
                                                        "UnityEnvironment._generate_step_input": {
                                                            "total": 0.01600059999992709,
                                                            "count": 166,
                                                            "is_parallel": true,
                                                            "self": 0.01600059999992709
                                                        },
                                                        "communicator.exchange": {
                                                            "total": 1.3863568999998677,
                                                            "count": 166,
                                                            "is_parallel": true,
                                                            "self": 1.3863568999998677
                                                        },
                                                        "steps_from_proto": {
                                                            "total": 0.049630699999994476,
                                                            "count": 166,
                                                            "is_parallel": true,