{
    "name": "root",
    "metadata": {
        "timer_format_version": "0.1.0",
        "start_time_seconds": "1732265754",
        "python_version": "3.9.13 (tags/v3.9.13:6de2ca5, May 17 2022, 16:36:42) [MSC v.1929 64 bit (AMD64)]",
        "command_line_arguments": "G:\\final arshad git\\final_arshad_game_git\\venv\\Scripts\\mlagents-learn --run-id=test1",
        "mlagents_version": "0.30.0",
        "mlagents_envs_version": "0.30.0",
        "communication_protocol_version": "1.5.0",
        "pytorch_version": "2.5.1+cpu",
        "numpy_version": "1.21.2",
        "end_time_seconds": "1732266019"
    },
    "total": 265.0431503,
    "count": 1,
    "self": 10.127542799999958,
    "children": {
        "run_training.setup": {
            "total": 0.269628400000002,
            "count": 1,
            "self": 0.269628400000002
        },
        "TrainerController.start_learning": {
            "total": 254.64597910000003,
            "count": 1,
            "self": 0.5595242000053133,
            "children": {
                "TrainerController._reset_env": {
                    "total": 63.522279,
                    "count": 1,
                    "self": 63.522279
                },
                "TrainerController.advance": {
                    "total": 186.08325519999477,
                    "count": 27517,
                    "self": 0.5279587999941668,
                    "children": {
                        "env_step": {
                            "total": 175.54784080000252,
                            "count": 27517,
                            "self": 106.58295470000124,
                            "children": {
                                "SubprocessEnvManager._take_step": {
                                    "total": 68.62027890000138,
                                    "count": 27517,
                                    "self": 1.4310250000013696,
                                    "children": {
                                        "TorchPolicy.evaluate": {
                                            "total": 67.18925390000001,
                                            "count": 27517,
                                            "self": 67.18925390000001
                                        }
                                    }
                                },
                                "workers": {
                                    "total": 0.3446071999998992,
                                    "count": 27516,
                                    "self": 0.0,
                                    "children": {
                                        "worker_root": {
                                            "total": 209.36255579999997,
                                            "count": 27516,
                                            "is_parallel": true,
                                            "self": 134.61143950000073,
                                            "children": {
                                                "steps_from_proto": {
                                                    "total": 0.3364929000000032,
                                                    "count": 1,
                                                    "is_parallel": true,
                                                    "self": 0.09253550000000388,
                                                    "children": {
                                                        "_process_rank_one_or_two_observation": {
                                                            "total": 0.24395739999999932,
                                                            "count": 2,
                                                            "is_parallel": true,
                                                            "self": 0.24395739999999932
                                                        }
                                                    }
                                                },
                                                "UnityEnvironment.step": {
                                                    "total": 74.41462339999923,
                                                    "count": 27516,
                                                    "is_parallel": true,
                                                    "self": 1.9234375999996303,
                                                    "children": {
                                                        "UnityEnvironment._generate_step_input": {
                                                            "total": 1.8128812000007173,
                                                            "count": 27516,
                                                            "is_parallel": true,
                                                            "self": 1.8128812000007173
                                                        },
                                                        "communicator.exchange": {
                                                            "total": 63.85703189999994,
                                                            "count": 27516,
                                                            "is_parallel": true,
                                                            "self": 63.85703189999994
                                                        },
                                                        "steps_from_proto": {
                                                            "total": 6.821272699998943,
                                                            "count": 27516,
                                                            "is_parallel": true,
                                                            "self": 4.2960218000029045,
                                                            "children": {
                                                                "_process_rank_one_or_two_observation": {
                                                                    "total": 2.5252508999960384,
                                                                    "count": 55032,
                                                                    "is_parallel": true,
                                                                    "self": 2.5252508999960384
                                                                }
                                                            }
                                                        }
                                                    }
                                                }
                                            }
                                        }
                                    }
                                }
                            }
                        },
                        "trainer_advance": {
                            "total": 10.007455599998082,
                            "count": 27516,
                            "self": 0.6766166999954919,
                            "children": {
                                "process_trajectory": {
                                    "total": 2.6929346000025873,
                                    "count": 27516,
                                    "self": 2.6929346000025873
                                },
                                "_update_policy": {
                                    "total": 6.637904300000002,
                                    "count": 2,
                                    "self": 2.810873900000189,
                                    "children": {
                                        "TorchPPOOptimizer.update": {
                                            "total": 3.8270303999998134,
                                            "count": 60,