{
    "name": "root",
    "metadata": {
        "timer_format_version": "0.1.0",
        "start_time_seconds": "1732293891",
        "python_version": "3.9.13 (tags/v3.9.13:6de2ca5, May 17 2022, 16:36:42) [MSC v.1929 64 bit (AMD64)]",
        "command_line_arguments": "E:\\Unity\\Navid-Unity\\ML-Agents\\venv\\Scripts\\mlagents-learn Config\\Model_config.yaml --run-id=test10",
        "mlagents_version": "0.30.0",
        "mlagents_envs_version": "0.30.0",
        "communication_protocol_version": "1.5.0",
        "pytorch_version": "2.4.1+cpu",
        "numpy_version": "1.21.2",
        "end_time_seconds": "1732293996"
    },
    "total": 104.98627819999999,
    "count": 1,
    "self": 0.006152499999984684,
    "children": {
        "run_training.setup": {
            "total": 0.16681899999999938,
            "count": 1,
            "self": 0.16681899999999938
        },
        "TrainerController.start_learning": {
            "total": 104.8133067,
            "count": 1,
            "self": 0.07880130000006602,
            "children": {
                "TrainerController._reset_env": {
                    "total": 10.3197028,
                    "count": 1,
                    "self": 9.1791087,
                    "children": {
                        "demo_to_buffer": {
                            "total": 1.1405940999999995,
                            "count": 1,
                            "self": 7.80999999996368e-05,
                            "children": {
                                "load_demonstration": {
                                    "total": 0.01574899999999957,
                                    "count": 1,
                                    "self": 0.014771299999999599,
                                    "children": {
                                        "read_file": {
                                            "total": 0.0009776999999999703,
                                            "count": 1,
                                            "self": 0.0009776999999999703
                                        }
                                    }
                                },
                                "make_demo_buffer": {
                                    "total": 1.1247670000000003,
                                    "count": 1,
                                    "self": 0.21768719999991681,
                                    "children": {
                                        "steps_from_proto": {
                                            "total": 0.9070798000000835,
                                            "count": 5748,
                                            "self": 0.6048709000000105,
                                            "children": {
                                                "_process_rank_one_or_two_observation": {
                                                    "total": 0.30220890000007294,
                                                    "count": 11496,
                                                    "self": 0.30220890000007294
                                                }
                                            }
                                        }
                                    }
                                }
                            }
                        }
                    }
                },
                "TrainerController.advance": {
                    "total": 92.59027469999992,
                    "count": 3984,
                    "self": 0.07419119999956081,
                    "children": {
                        "env_step": {
                            "total": 91.04822950000016,
                            "count": 3984,
                            "self": 81.63493049999946,
                            "children": {
                                "SubprocessEnvManager._take_step": {
                                    "total": 9.364894300000419,
                                    "count": 3984,
                                    "self": 0.3051917000003037,
                                    "children": {
                                        "TorchPolicy.evaluate": {
                                            "total": 9.059702600000115,
                                            "count": 3984,
                                            "self": 9.059702600000115
                                        }
                                    }
                                },
                                "workers": {
                                    "total": 0.04840470000028674,
                                    "count": 3983,
                                    "self": 0.0,
                                    "children": {
                                        "worker_root": {
                                            "total": 33.12200299999977,
                                            "count": 3983,
                                            "is_parallel": true,
                                            "self": 19.56525789999966,
                                            "children": {
                                                "steps_from_proto": {
                                                    "total": 0.000663499999999928,
                                                    "count": 1,
                                                    "is_parallel": true,
                                                    "self": 0.00032540000000125247,
                                                    "children": {
                                                        "_process_rank_one_or_two_observation": {
                                                            "total": 0.00033809999999867557,
                                                            "count": 2,
                                                            "is_parallel": true,
                                                            "self": 0.00033809999999867557
                                                        }
                                                    }
                                                },
                                                "UnityEnvironment.step": {
                                                    "total": 13.55608160000011,
                                                    "count": 3983,
                                                    "is_parallel": true,
                                                    "self": 0.43153010000036574,
                                                    "children": {
                                                        "UnityEnvironment._generate_step_input": {
                                                            "total": 0.4294687999996434,
                                                            "count": 3983,
                                                            "is_parallel": true,
                                                            "self": 0.4294687999996434
                                                        },
                                                        "communicator.exchange": {
                                                            "total": 11.336288099999983,
                                                            "count": 3983,
                                                            "is_parallel": true,
                                                            "self": 11.336288099999983
                                                        },
                                                        "steps_from_proto": {
                                                            "total": 1.3587946000001185,
                                                            "count": 3983,
                                                            "is_parallel": true,