{
    "name": "root",
    "gauges": {
        "MyBehavior.Policy.Entropy.mean": {
            "value": 2.0521340370178223,
            "min": 2.0521340370178223,
            "max": 3.0721435546875,
            "count": 6
        },
        "MyBehavior.Policy.Entropy.sum": {
            "value": 44773.4609375,
            "min": 34361.92578125,
            "max": 81734.4296875,
            "count": 6
        },
        "MyBehavior.Step.mean": {
            "value": 58725.0,
            "min": 8595.0,
            "max": 58725.0,
            "count": 6
        },
        "MyBehavior.Step.sum": {
            "value": 58725.0,
            "min": 8595.0,
            "max": 58725.0,
            "count": 6
        },
        "MyBehavior.Policy.ExtrinsicValueEstimate.mean": {
            "value": 0.1350204050540924,
            "min": -1.2945374250411987,
            "max": 0.1350204050540924,
            "count": 6
        },
        "MyBehavior.Policy.ExtrinsicValueEstimate.sum": {
            "value": 1.0801632404327393,
            "min": -7.572748184204102,
            "max": 1.0801632404327393,
            "count": 6
        },
        "MyBehavior.Policy.GailValueEstimate.mean": {
            "value": 11.499197006225586,
            "min": 5.542823791503906,
            "max": 21.367422103881836,
            "count": 6
        },
        "MyBehavior.Policy.GailValueEstimate.sum": {
            "value": 91.99357604980469,
            "min": 27.71411895751953,
            "max": 257.2233581542969,
            "count": 6
        },
        "MyBehavior.Losses.PolicyLoss.mean": {
            "value": 0.04447211687530701,
            "min": 0.043018919971054566,
            "max": 0.04982500622472891,
            "count": 6
        },
        "MyBehavior.Losses.PolicyLoss.sum": {
            "value": 0.22236058437653505,
            "min": 0.19057134876493365,
            "max": 0.3441513597684365,
            "count": 6
        },
        "MyBehavior.Losses.ValueLoss.mean": {
            "value": 4.353242738147577,
            "min": 3.1811377720700373,
            "max": 27.672073193797562,
            "count": 6
        },
        "MyBehavior.Losses.ValueLoss.sum": {
            "value": 21.76621369073788,
            "min": 12.72455108828015,
            "max": 166.03243916278538,
            "count": 6
        },
        "MyBehavior.Policy.LearningRate.mean": {
            "value": 0.0002670133309955599,
            "min": 0.0002670133309955599,
            "max": 0.0002968047010651,
            "count": 6
        },
        "MyBehavior.Policy.LearningRate.sum": {
            "value": 0.0013350666549777996,
            "min": 0.0011872188042604,
            "max": 0.0021844596718467997,
            "count": 6
        },
        "MyBehavior.Policy.Epsilon.mean": {
            "value": 0.18900444,
            "min": 0.18900444,
            "max": 0.1989349,
            "count": 6
        },
        "MyBehavior.Policy.Epsilon.sum": {
            "value": 0.9450221999999999,
            "min": 0.7957396,
            "max": 1.5281532000000002,
            "count": 6
        },
        "MyBehavior.Policy.Beta.mean": {
            "value": 0.0005000000000000001,
            "min": 0.0005,
            "max": 0.0005000000000000002,
            "count": 6
        },
        "MyBehavior.Policy.Beta.sum": {
            "value": 0.0025000000000000005,
            "min": 0.002,
            "max": 0.004,
            "count": 6
        },
        "MyBehavior.Policy.GAILPolicyEstimate.mean": {
            "value": 0.2614053917924563,
            "min": 0.18877368995540394,
            "max": 0.3153739020504333,
            "count": 6
        },
        "MyBehavior.Policy.GAILPolicyEstimate.sum": {
            "value": 1.3070269589622816,
            "min": 0.7550947598216158,
            "max": 2.4539879286099993,
            "count": 6
        },
        "MyBehavior.Policy.GAILExpertEstimate.mean": {
            "value": 0.7594474055369694,
            "min": 0.7103959750246119,
            "max": 0.7693321116406608,
            "count": 6
        },
        "MyBehavior.Policy.GAILExpertEstimate.sum": {
            "value": 3.7972370276848473,
            "min": 3.0773284465626434,
            "max": 5.791651776432991,
            "count": 6
        },
        "MyBehavior.Losses.GAILLoss.mean": {
            "value": 0.6164102210601171,
            "min": 0.5385746611109762,
            "max": 0.8281574443434224,
            "count": 6
        },
        "MyBehavior.Losses.GAILLoss.sum": {
            "value": 3.0820511053005855,
            "min": 2.1542986444439047,
            "max": 5.936065077639761,
            "count": 6
        },
        "MyBehavior.Policy.GAILGradMagLoss.mean": {
            "value": 0.22029735056062538,
            "min": 0.22029735056062538,
            "max": 7.226245914344434,
            "count": 6
        },
        "MyBehavior.Policy.GAILGradMagLoss.sum": {
            "value": 1.101486752803127,
            "min": 1.101486752803127,
            "max": 28.904983657377738,
            "count": 6
        },
        "MyBehavior.Environment.EpisodeLength.mean": {
            "value": 982.5,
            "min": 329.8888888888889,
            "max": 4482.0,
            "count": 6
        },
        "MyBehavior.Environment.EpisodeLength.sum": {
            "value": 3930.0,
            "min": 3930.0,
            "max": 10580.0,
            "count": 6
        },
        "MyBehavior.Environment.CumulativeReward.mean": {
            "value": 0.0,
            "min": 0.0,
            "max": 0.0,
            "count": 6
        },
        "MyBehavior.Environment.CumulativeReward.sum": {
            "value": 0.0,
            "min": 0.0,
            "max": 0.0,
            "count": 6
        },
        "MyBehavior.Policy.ExtrinsicReward.mean": {
            "value": 0.0,
            "min": 0.0,
            "max": 0.0,
            "count": 6
        },
        "MyBehavior.Policy.ExtrinsicReward.sum": {
            "value": 0.0,
            "min": 0.0,
            "max": 0.0,
            "count": 6
        },
        "MyBehavior.Policy.GailReward.mean": {
            "value": 114.0106990814209,
            "min": 50.70728415250778,
            "max": 416.25829553604126,
            "count": 6
        },
        "MyBehavior.Policy.GailReward.sum": {
            "value": 570.0534954071045,
            "min": 405.65827322006226,
            "max": 2312.0606184005737,
            "count": 6
        },
        "MyBehavior.IsTraining.mean": {
            "value": 1.0,
            "min": 1.0,
            "max": 1.0,
            "count": 6
        },
        "MyBehavior.IsTraining.sum": {
            "value": 1.0,
            "min": 1.0,
            "max": 1.0,
            "count": 6
        }
    },
    "metadata": {
        "timer_format_version": "0.1.0",
        "start_time_seconds": "1731415677",
        "python_version": "3.9.13 (tags/v3.9.13:6de2ca5, May 17 2022, 16:36:42) [MSC v.1929 64 bit (AMD64)]",
        "command_line_arguments": "E:\\Arian's File\\Unity\\final_arshad_game_git\\venv\\Scripts\\mlagents-learn Config\\Model_config.yaml --run-id=record-11",
        "mlagents_version": "0.30.0",
        "mlagents_envs_version": "0.30.0",
        "communication_protocol_version": "1.5.0",
        "pytorch_version": "2.5.1+cpu",
        "numpy_version": "1.21.2",
        "end_time_seconds": "1731416259"
    },
    "total": 582.5856551,
    "count": 1,
    "self": 0.0033164000000169835,
    "children": {
        "run_training.setup": {
            "total": 0.08438480000000004,
            "count": 1,
            "self": 0.08438480000000004
        },
        "TrainerController.start_learning": {
            "total": 582.4979539000001,
            "count": 1,
            "self": 1.500596900009441,
            "children": {
                "TrainerController._reset_env": {
                    "total": 9.1395056,
                    "count": 1,