{
    "name": "root",
    "gauges": {
        "MyBehavior.Policy.Entropy.mean": {
            "value": 2.959329128265381,
            "min": 2.959329128265381,
            "max": 3.44527268409729,
            "count": 6
        },
        "MyBehavior.Policy.Entropy.sum": {
            "value": 30421.904296875,
            "min": 30421.904296875,
            "max": 35417.40234375,
            "count": 6
        },
        "MyBehavior.Step.mean": {
            "value": 59624.0,
            "min": 8224.0,
            "max": 59624.0,
            "count": 6
        },
        "MyBehavior.Step.sum": {
            "value": 59624.0,
            "min": 8224.0,
            "max": 59624.0,
            "count": 6
        },
        "MyBehavior.Policy.GailValueEstimate.mean": {
            "value": 44.221954345703125,
            "min": 19.31686782836914,
            "max": 51.688941955566406,
            "count": 6
        },
        "MyBehavior.Policy.GailValueEstimate.sum": {
            "value": 221.10977172851562,
            "min": 77.26747131347656,
            "max": 258.4447021484375,
            "count": 6
        },
        "MyBehavior.Losses.PolicyLoss.mean": {
            "value": 0.04731319591373904,
            "min": 0.04374389216281998,
            "max": 0.04862036440863449,
            "count": 6
        },
        "MyBehavior.Losses.PolicyLoss.sum": {
            "value": 0.23656597956869518,
            "min": 0.19448145763453795,
            "max": 0.2411020556901349,
            "count": 6
        },
        "MyBehavior.Losses.ValueLoss.mean": {
            "value": 65.16433183352152,
            "min": 65.16433183352152,
            "max": 749.7714540958405,
            "count": 6
        },
        "MyBehavior.Losses.ValueLoss.sum": {
            "value": 325.8216591676076,
            "min": 325.8216591676076,
            "max": 2999.085816383362,
            "count": 6
        },
        "MyBehavior.Policy.LearningRate.mean": {
            "value": 0.0002666928111024,
            "min": 0.0002666928111024,
            "max": 0.00029691600102799994,
            "count": 6
        },
        "MyBehavior.Policy.LearningRate.sum": {
            "value": 0.0013334640555119999,
            "min": 0.0011876640041119998,
            "max": 0.0014568240143919995,
            "count": 6
        },
        "MyBehavior.Policy.Epsilon.mean": {
            "value": 0.1888976,
            "min": 0.1888976,
            "max": 0.198972,
            "count": 6
        },
        "MyBehavior.Policy.Epsilon.sum": {
            "value": 0.944488,
            "min": 0.795888,
            "max": 0.985608,
            "count": 6
        },
        "MyBehavior.Policy.Beta.mean": {
            "value": 0.0005,
            "min": 0.0005,
            "max": 0.0005,
            "count": 6
        },
        "MyBehavior.Policy.Beta.sum": {
            "value": 0.0025,
            "min": 0.002,
            "max": 0.0025,
            "count": 6
        },
        "MyBehavior.Policy.GAILPolicyEstimate.mean": {
            "value": 0.3071685958653688,
            "min": 0.28204339270790413,
            "max": 0.3283944108212988,
            "count": 6
        },
        "MyBehavior.Policy.GAILPolicyEstimate.sum": {
            "value": 1.5358429793268442,
            "min": 1.313577643285195,
            "max": 1.6211315083007019,
            "count": 6
        },
        "MyBehavior.Policy.GAILExpertEstimate.mean": {
            "value": 0.7072183221578598,
            "min": 0.6560898565997679,
            "max": 0.7349429468313853,
            "count": 6
        },
        "MyBehavior.Policy.GAILExpertEstimate.sum": {
            "value": 3.536091610789299,
            "min": 2.6243594263990717,
            "max": 3.6747147341569266,
            "count": 6
        },
        "MyBehavior.Losses.GAILLoss.mean": {
            "value": 0.7769218678275744,
            "min": 0.693018754820029,
            "max": 0.9328159342209498,
            "count": 6
        },
        "MyBehavior.Losses.GAILLoss.sum": {
            "value": 3.884609339137872,
            "min": 3.465093774100145,
            "max": 4.090661237637201,
            "count": 6
        },
        "MyBehavior.Policy.GAILGradMagLoss.mean": {
            "value": 0.12007256463790932,
            "min": 0.12007256463790932,
            "max": 2.434414371537666,
            "count": 6
        },
        "MyBehavior.Policy.GAILGradMagLoss.sum": {
            "value": 0.6003628231895466,
            "min": 0.6003628231895466,
            "max": 9.737657486150663,
            "count": 6
        },
        "MyBehavior.IsTraining.mean": {
            "value": 1.0,
            "min": 1.0,
            "max": 1.0,
            "count": 6
        },
        "MyBehavior.IsTraining.sum": {
            "value": 1.0,
            "min": 1.0,
            "max": 1.0,
            "count": 6
        }
    },
    "metadata": {
        "timer_format_version": "0.1.0",
        "start_time_seconds": "1732729762",
        "python_version": "3.9.13 (tags/v3.9.13:6de2ca5, May 17 2022, 16:36:42) [MSC v.1929 64 bit (AMD64)]",
        "command_line_arguments": "G:\\final arshad git\\final_arshad_game_git\\venv\\Scripts\\mlagents-learn Config\\Model_config.yaml --run-id=test44 --time-scale 1",
        "mlagents_version": "0.30.0",
        "mlagents_envs_version": "0.30.0",
        "communication_protocol_version": "1.5.0",
        "pytorch_version": "2.5.1+cpu",
        "numpy_version": "1.21.2",
        "end_time_seconds": "1732730421"
    },
    "total": 658.5733362999999,
    "count": 1,
    "self": 0.00823899999988953,
    "children": {
        "run_training.setup": {
            "total": 0.08804029999999985,
            "count": 1,
            "self": 0.08804029999999985
        },
        "TrainerController.start_learning": {
            "total": 658.4770570000001,
            "count": 1,
            "self": 1.4391196000129867,
            "children": {
                "TrainerController._reset_env": {
                    "total": 15.276058099999998,
                    "count": 1,
                    "self": 13.617239399999997,
                    "children": {
                        "demo_to_buffer": {
                            "total": 1.6588187000000012,
                            "count": 1,
                            "self": 8.950000000318425e-05,
                            "children": {
                                "load_demonstration": {
                                    "total": 0.050366599999998485,
                                    "count": 1,
                                    "self": 0.048526299999997136,
                                    "children": {
                                        "read_file": {
                                            "total": 0.0018403000000013492,
                                            "count": 1,
                                            "self": 0.0018403000000013492
                                        }
                                    }
                                },
                                "make_demo_buffer": {
                                    "total": 1.6083625999999995,
                                    "count": 1,
                                    "self": 0.29880620000000846,
                                    "children": {
                                        "steps_from_proto": {
                                            "total": 1.309556399999991,
                                            "count": 11056,
                                            "self": 0.9410843000000444,
                                            "children": {
                                                "_process_rank_one_or_two_observation": {
                                                    "total": 0.3684720999999467,
                                                    "count": 22112,