{
    "name": "root",
    "metadata": {
        "timer_format_version": "0.1.0",
        "start_time_seconds": "1730842886",
        "python_version": "3.9.13 (tags/v3.9.13:6de2ca5, May 17 2022, 16:36:42) [MSC v.1929 64 bit (AMD64)]",
        "command_line_arguments": "G:\\final arshad git\\final_arshad_game_git\\venv\\Scripts\\mlagents-learn --run-id=test8",
        "mlagents_version": "0.30.0",
        "mlagents_envs_version": "0.30.0",
        "communication_protocol_version": "1.5.0",
        "pytorch_version": "2.5.1+cpu",
        "numpy_version": "1.21.2",
        "end_time_seconds": "1730843042"
    },
    "total": 156.23607859999998,
    "count": 1,
    "self": 0.009776899999963007,
    "children": {
        "run_training.setup": {
            "total": 0.026525200000000027,
            "count": 1,
            "self": 0.026525200000000027
        },
        "TrainerController.start_learning": {
            "total": 156.1997765,
            "count": 1,
            "self": 0.33533890000302335,
            "children": {
                "TrainerController._reset_env": {
                    "total": 10.8897139,
                    "count": 1,
                    "self": 10.8897139
                },
                "TrainerController.advance": {
                    "total": 143.832904999997,
                    "count": 18550,
                    "self": 0.33776339999513993,
                    "children": {
                        "env_step": {
                            "total": 138.60630310000062,
                            "count": 18550,
                            "self": 104.04457550000205,
                            "children": {
                                "SubprocessEnvManager._take_step": {
                                    "total": 34.34547619999921,
                                    "count": 18551,
                                    "self": 0.8579173000002172,
                                    "children": {
                                        "TorchPolicy.evaluate": {
                                            "total": 33.487558899998994,
                                            "count": 18551,
                                            "self": 33.487558899998994
                                        }
                                    }
                                },
                                "workers": {
                                    "total": 0.21625139999934717,
                                    "count": 18549,
                                    "self": 0.0,
                                    "children": {
                                        "worker_root": {
                                            "total": 90.24524189999971,
                                            "count": 18549,
                                            "is_parallel": true,
                                            "self": 55.97599489999957,
                                            "children": {
                                                "steps_from_proto": {
                                                    "total": 0.0010148000000000934,
                                                    "count": 2,
                                                    "is_parallel": true,
                                                    "self": 0.0005250999999972805,
                                                    "children": {
                                                        "_process_rank_one_or_two_observation": {
                                                            "total": 0.0004897000000028129,
                                                            "count": 4,
                                                            "is_parallel": true,
                                                            "self": 0.0004897000000028129
                                                        }
                                                    }
                                                },
                                                "UnityEnvironment.step": {
                                                    "total": 34.26823220000014,
                                                    "count": 18549,
                                                    "is_parallel": true,
                                                    "self": 1.1219997000014388,
                                                    "children": {
                                                        "UnityEnvironment._generate_step_input": {
                                                            "total": 1.0130367999986731,
                                                            "count": 18549,
                                                            "is_parallel": true,
                                                            "self": 1.0130367999986731
                                                        },
                                                        "communicator.exchange": {
                                                            "total": 28.12609779999985,
                                                            "count": 18549,
                                                            "is_parallel": true,
                                                            "self": 28.12609779999985
                                                        },
                                                        "steps_from_proto": {
                                                            "total": 4.007097900000176,
                                                            "count": 18549,
                                                            "is_parallel": true,
                                                            "self": 2.6181587000014765,
                                                            "children": {
                                                                "_process_rank_one_or_two_observation": {
                                                                    "total": 1.388939199998699,
                                                                    "count": 37098,
                                                                    "is_parallel": true,
                                                                    "self": 1.388939199998699
                                                                }
                                                            }
                                                        }
                                                    }
                                                }
                                            }
                                        }
                                    }
                                }
                            }
                        },
                        "trainer_advance": {
                            "total": 4.888838500001235,
                            "count": 18549,
                            "self": 0.4222565000019678,
                            "children": {
                                "process_trajectory": {
                                    "total": 1.2746041999992634,
                                    "count": 18549,
                                    "self": 1.2746041999992634
                                },
                                "_update_policy": {
                                    "total": 3.1919778000000036,
                                    "count": 1,
                                    "self": 1.3991886000000449,
                                    "children": {
                                        "TorchPPOOptimizer.update": {
                                            "total": 1.7927891999999588,
                                            "count": 30,