{
    "name": "root",
    "metadata": {
        "timer_format_version": "0.1.0",
        "start_time_seconds": "1730641590",
        "python_version": "3.9.13 (tags/v3.9.13:6de2ca5, May 17 2022, 16:36:42) [MSC v.1929 64 bit (AMD64)]",
        "command_line_arguments": "G:\\final arshad git\\final_arshad_game_git\\venv\\Scripts\\mlagents-learn --run-id=test3",
        "mlagents_version": "0.30.0",
        "mlagents_envs_version": "0.30.0",
        "communication_protocol_version": "1.5.0",
        "pytorch_version": "2.5.1+cpu",
        "numpy_version": "1.21.2",
        "end_time_seconds": "1730641740"
    },
    "total": 150.2088325,
    "count": 1,
    "self": 0.0370768999999882,
    "children": {
        "run_training.setup": {
            "total": 0.1279950999999997,
            "count": 1,
            "self": 0.1279950999999997
        },
        "TrainerController.start_learning": {
            "total": 150.04376050000002,
            "count": 1,
            "self": 0.13902520000047502,
            "children": {
                "TrainerController._reset_env": {
                    "total": 67.9773671,
                    "count": 1,
                    "self": 67.9773671
                },
                "TrainerController.advance": {
                    "total": 79.60286519999953,
                    "count": 6417,
                    "self": 0.1443063000003093,
                    "children": {
                        "env_step": {
                            "total": 78.43266679999941,
                            "count": 6417,
                            "self": 62.83181439999875,
                            "children": {
                                "SubprocessEnvManager._take_step": {
                                    "total": 15.511901600000954,
                                    "count": 6417,
                                    "self": 0.38399090000179115,
                                    "children": {
                                        "TorchPolicy.evaluate": {
                                            "total": 15.127910699999163,
                                            "count": 6417,
                                            "self": 15.127910699999163
                                        }
                                    }
                                },
                                "workers": {
                                    "total": 0.0889507999997079,
                                    "count": 6416,
                                    "self": 0.0,
                                    "children": {
                                        "worker_root": {
                                            "total": 80.71952409999992,
                                            "count": 6416,
                                            "is_parallel": true,
                                            "self": 55.87891709999925,
                                            "children": {
                                                "steps_from_proto": {
                                                    "total": 0.342139600000003,
                                                    "count": 1,
                                                    "is_parallel": true,
                                                    "self": 0.09257730000000208,
                                                    "children": {
                                                        "_process_rank_one_or_two_observation": {
                                                            "total": 0.2495623000000009,
                                                            "count": 2,
                                                            "is_parallel": true,
                                                            "self": 0.2495623000000009
                                                        }
                                                    }
                                                },
                                                "UnityEnvironment.step": {
                                                    "total": 24.498467400000663,
                                                    "count": 6416,
                                                    "is_parallel": true,
                                                    "self": 0.504320699999738,
                                                    "children": {
                                                        "UnityEnvironment._generate_step_input": {
                                                            "total": 0.5134066000003941,
                                                            "count": 6416,
                                                            "is_parallel": true,
                                                            "self": 0.5134066000003941
                                                        },
                                                        "communicator.exchange": {
                                                            "total": 21.663946500000264,
                                                            "count": 6416,
                                                            "is_parallel": true,
                                                            "self": 21.663946500000264
                                                        },
                                                        "steps_from_proto": {
                                                            "total": 1.816793600000267,
                                                            "count": 6416,
                                                            "is_parallel": true,
                                                            "self": 1.1427941999999405,
                                                            "children": {
                                                                "_process_rank_one_or_two_observation": {
                                                                    "total": 0.6739994000003264,
                                                                    "count": 12832,
                                                                    "is_parallel": true,
                                                                    "self": 0.6739994000003264
                                                                }
                                                            }
                                                        }
                                                    }
                                                }
                                            }
                                        }
                                    }
                                }
                            }
                        },
                        "trainer_advance": {
                            "total": 1.0258920999998082,
                            "count": 6416,
                            "self": 0.1640968999997341,
                            "children": {
                                "process_trajectory": {
                                    "total": 0.8617952000000741,
                                    "count": 6416,
                                    "self": 0.8617952000000741
                                }
                            }
                        }
                    }
                },
                "trainer_threads": {
                    "total": 1.1000000199601345e-06,
                    "count": 1,
                    "self": 1.1000000199601345e-06
                },
                "TrainerController._save_models": {
                    "total": 2.3245019000000013,
                    "count": 1,
                    "self": 2.8500000013309545e-05,